seq_label,img_name,confidence,class,x_min,y_min,x_max,y_max
person-9,00000001.jpg,1,person,951.0,287.0,1005.0,421.0
person-9,00000002.jpg,1,person,945.03,285.09,996.97,420.28
person-9,00000003.jpg,1,person,940.26,285.2,991.73,420.92
person-9,00000004.jpg,1,person,934.35,283.99,985.7,420.2
person-9,00000005.jpg,1,person,928.85,286.26,979.02,420.7
person-9,00000006.jpg,1,person,922.54,287.01,972.6,420.92
person-9,00000007.jpg,1,person,916.87,286.22,966.26,420.48
person-9,00000008.jpg,1,person,909.98,285.66,960.19,420.65
person-9,00000009.jpg,1,person,903.88,285.44,953.93,420.18
person-9,00000010.jpg,1,person,898.58,285.07,948.22,421.04
person-9,00000011.jpg,1,person,891.97,282.88,942.68,421.0
person-9,00000012.jpg,1,person,885.55,281.36,937.11,421.27
person-9,00000013.jpg,1,person,879.34,282.94,932.16,421.25
person-9,00000014.jpg,1,person,873.44,281.66,926.12,420.05
person-9,00000015.jpg,1,person,867.16,283.02,917.7,421.12
person-9,00000016.jpg,1,person,862.35,283.56,909.92,420.58
person-9,00000017.jpg,1,person,856.13,283.69,900.43,420.21
person-9,00000018.jpg,1,person,849.91,284.14,890.37,420.13
person-9,00000019.jpg,1,person,843.36,284.98,881.81,419.69
person-9,00000020.jpg,1,person,836.62,285.85,872.42,421.04
person-9,00000021.jpg,1,person,829.84,285.21,864.06,422.28
person-9,00000022.jpg,1,person,817.01,287.08,852.03,422.57
person-9,00000023.jpg,1,person,809.81,287.32,845.94,422.56
person-9,00000024.jpg,1,person,801.79,287.86,840.46,422.71
person-9,00000025.jpg,1,person,793.37,287.86,833.71,422.31
person-9,00000026.jpg,1,person,785.97,288.49,827.67,423.3
person-9,00000027.jpg,1,person,779.82,286.9,822.34,423.82
person-9,00000028.jpg,1,person,772.43,287.17,815.48,422.98
person-9,00000029.jpg,1,person,766.06,288.15,810.35,423.12
person-9,00000030.jpg,1,person,758.56,288.54,803.71,423.28
person-9,00000031.jpg,1,person,751.35,288.32,798.61,422.79
person-9,00000032.jpg,1,person,744.95,287.44,792.05,422.21
person-9,00000033.jpg,1,person,736.57,287.25,785.37,422.77
person-9,00000034.jpg,1,person,730.83,287.05,780.03,422.85
person-9,00000035.jpg,1,person,724.56,287.95,772.03,423.18
person-9,00000036.jpg,1,person,716.67,287.44,764.54,423.38
person-9,00000037.jpg,1,person,708.08,286.96,755.04,424.34
person-9,00000038.jpg,1,person,699.77,285.56,746.28,423.88
person-9,00000039.jpg,1,person,692.32,284.9,737.73,423.68
person-9,00000040.jpg,1,person,684.31,286.26,727.86,424.75
person-9,00000041.jpg,1,person,679.32,286.94,719.07,423.53
person-9,00000042.jpg,1,person,668.83,286.75,710.33,424.4
person-9,00000043.jpg,1,person,663.06,287.36,702.97,425.47
person-9,00000044.jpg,1,person,655.54,287.67,696.26,425.78
person-9,00000045.jpg,1,person,647.38,287.27,690.19,425.31
person-9,00000046.jpg,1,person,632.99,287.52,683.75,425.56
person-9,00000047.jpg,1,person,621.38,288.13,679.91,425.59
person-9,00000048.jpg,1,person,609.53,288.93,674.3,424.46
person-9,00000049.jpg,1,person,598.78,288.27,669.6,424.38
person-9,00000050.jpg,1,person,591.22,288.12,663.64,425.53
person-9,00000051.jpg,1,person,584.08,289.16,658.66,426.05
person-9,00000052.jpg,1,person,578.09,289.74,653.25,426.77
person-9,00000053.jpg,1,person,572.52,290.27,649.04,426.46
person-9,00000054.jpg,1,person,566.73,290.89,642.22,426.62
person-9,00000055.jpg,1,person,562.88,291.85,636.47,427.15
person-9,00000056.jpg,1,person,557.61,291.74,629.35,426.19
person-9,00000057.jpg,1,person,551.41,291.94,622.12,427.77
person-9,00000058.jpg,1,person,543.48,290.99,613.68,428.2
person-9,00000059.jpg,1,person,534.49,288.04,605.43,428.33
person-9,00000060.jpg,1,person,530.51,293.36,597.97,428.08
person-9,00000061.jpg,1,person,525.2,291.04,590.08,430.53
person-9,00000062.jpg,1,person,522.65,291.29,581.33,430.32
person-9,00000063.jpg,1,person,517.16,292.83,572.63,435.88
person-9,00000064.jpg,1,person,510.98,292.82,565.33,439.62
person-9,00000065.jpg,1,person,504.2,291.54,558.65,440.35
person-9,00000066.jpg,1,person,498.7,294.96,552.63,441.91
person-9,00000067.jpg,1,person,492.3,294.04,546.66,441.93
person-9,00000068.jpg,1,person,486.96,296.76,541.9,443.32
person-9,00000069.jpg,1,person,480.58,298.32,535.96,444.03
person-9,00000070.jpg,1,person,474.54,302.33,529.98,443.52
person-9,00000071.jpg,1,person,471.51,301.74,528.06,445.31
person-9,00000072.jpg,1,person,463.98,302.05,522.7,448.17
person-9,00000073.jpg,1,person,447.74,372.45,503.55,506.65
person-9,00000074.jpg,1,person,445.3,368.62,505.61,505.59
person-9,00000075.jpg,1,person,440.69,372.69,509.98,504.96
person-9,00000076.jpg,1,person,435.11,373.41,504.27,505.65
person-9,00000077.jpg,1,person,430.3,377.52,519.11,508.64
person-9,00000078.jpg,1,person,426.93,376.92,519.54,510.22
person-9,00000079.jpg,1,person,431.98,350.44,499.58,483.17
person-9,00000080.jpg,1,person,427.46,308.1,485.34,460.3
person-9,00000081.jpg,1,person,417.88,304.31,477.02,456.22
person-9,00000082.jpg,1,person,412.46,306.94,476.27,460.37
person-9,00000083.jpg,1,person,401.6,306.52,473.4,459.44
person-9,00000084.jpg,1,person,397.04,305.52,466.27,460.17
person-9,00000085.jpg,1,person,393.57,303.09,460.76,461.5
person-9,00000086.jpg,1,person,388.56,306.82,455.96,454.91
person-9,00000087.jpg,1,person,381.3,307.63,452.79,450.98
person-9,00000088.jpg,1,person,377.24,306.39,450.31,435.58
person-9,00000089.jpg,1,person,372.16,307.87,449.76,435.57
person-9,00000090.jpg,1,person,367.36,307.69,447.21,447.95
person-9,00000091.jpg,1,person,362.82,307.0,441.54,459.47
person-9,00000092.jpg,1,person,359.1,312.42,439.82,470.93
person-9,00000093.jpg,1,person,356.37,317.54,437.51,471.64
person-9,00000094.jpg,1,person,354.07,322.06,435.36,475.17
person-9,00000095.jpg,1,person,351.46,328.56,431.36,475.85
person-9,00000096.jpg,1,person,349.41,327.73,428.54,474.76
person-9,00000097.jpg,1,person,348.72,329.39,427.37,475.0
person-9,00000098.jpg,1,person,346.68,328.02,423.56,475.14
person-9,00000099.jpg,1,person,345.27,329.69,421.7,475.21
person-9,00000100.jpg,1,person,343.45,331.42,419.93,476.32
person-9,00000101.jpg,1,person,341.34,331.1,417.14,477.44
person-9,00000102.jpg,1,person,338.41,331.9,414.61,477.45
person-9,00000103.jpg,1,person,335.74,332.47,412.56,477.62
person-9,00000104.jpg,1,person,334.03,333.35,411.07,477.96
person-9,00000105.jpg,1,person,331.52,333.74,408.17,478.76
person-9,00000106.jpg,1,person,328.52,334.53,406.02,478.75
person-9,00000107.jpg,1,person,327.56,334.42,404.03,478.49
person-9,00000108.jpg,1,person,326.0,335.0,404.0,480.0
person-9,00000109.jpg,1,person,323.38,334.5,400.11,478.35
person-9,00000110.jpg,1,person,322.62,335.33,398.91,478.73
person-9,00000111.jpg,1,person,319.55,335.29,396.3,478.92
person-9,00000112.jpg,1,person,318.72,334.52,396.05,478.73
person-9,00000113.jpg,1,person,316.24,335.48,393.51,479.27
person-9,00000114.jpg,1,person,313.91,335.79,392.09,479.88
person-9,00000115.jpg,1,person,313.35,335.97,391.68,480.59
person-9,00000116.jpg,1,person,309.99,335.04,388.71,480.58
person-9,00000117.jpg,1,person,308.3,336.04,388.16,480.58
person-9,00000118.jpg,1,person,306.32,335.35,386.82,480.85
person-9,00000119.jpg,1,person,303.72,335.95,385.01,481.28
person-9,00000120.jpg,1,person,302.07,335.3,384.58,480.86
person-9,00000121.jpg,1,person,299.8,335.27,382.12,481.68
person-9,00000122.jpg,1,person,297.42,336.54,380.99,482.29
person-9,00000123.jpg,1,person,295.56,335.66,379.54,481.88
person-9,00000124.jpg,1,person,293.71,335.89,378.02,482.55
person-9,00000125.jpg,1,person,291.6,335.49,376.23,482.91
person-9,00000126.jpg,1,person,290.04,334.75,375.47,482.79
person-9,00000127.jpg,1,person,288.44,335.76,373.53,483.49
person-9,00000128.jpg,1,person,286.78,334.3,371.25,483.47
person-9,00000129.jpg,1,person,284.79,335.25,370.17,484.26
person-9,00000130.jpg,1,person,283.56,335.4,368.67,484.45
person-9,00000131.jpg,1,person,281.86,335.3,367.28,485.16
person-9,00000132.jpg,1,person,280.22,334.54,366.79,484.25
person-9,00000133.jpg,1,person,279.21,335.13,364.71,484.94
person-9,00000134.jpg,1,person,278.2,334.99,363.95,484.68
person-9,00000135.jpg,1,person,276.65,336.02,361.7,486.18
person-9,00000136.jpg,1,person,275.3,335.16,360.99,485.6
person-9,00000137.jpg,1,person,274.17,336.55,359.66,485.92
person-9,00000138.jpg,1,person,274.15,336.84,358.75,486.5
person-9,00000139.jpg,1,person,274.45,336.32,357.08,486.55
person-9,00000140.jpg,1,person,274.41,335.61,355.67,486.93
person-9,00000141.jpg,1,person,274.97,333.96,354.63,486.45
person-9,00000142.jpg,1,person,276.14,332.66,354.73,486.87
person-9,00000143.jpg,1,person,276.9,331.99,355.79,486.11
person-9,00000144.jpg,1,person,277.22,331.19,355.56,487.23
person-9,00000145.jpg,1,person,275.56,330.37,355.55,487.56
person-9,00000146.jpg,1,person,274.22,330.46,358.15,488.35
person-9,00000147.jpg,1,person,274.59,330.66,364.03,488.67
person-9,00000148.jpg,1,person,273.59,330.26,366.31,488.06
person-9,00000149.jpg,1,person,274.11,330.14,371.9,485.78
person-9,00000150.jpg,1,person,274.22,331.23,370.0,487.21
person-9,00000151.jpg,1,person,273.15,331.21,371.54,491.74
person-9,00000152.jpg,1,person,274.81,331.15,372.44,490.39
person-9,00000153.jpg,1,person,278.78,329.4,370.74,490.53
person-9,00000154.jpg,1,person,282.91,329.55,374.81,490.9
person-9,00000155.jpg,1,person,286.18,327.92,368.17,489.12
person-9,00000156.jpg,1,person,290.38,327.06,364.56,490.02
person-9,00000157.jpg,1,person,292.66,325.1,364.6,488.61
person-9,00000158.jpg,1,person,291.02,322.98,362.71,486.72
person-9,00000159.jpg,1,person,291.19,321.21,364.14,486.02
person-9,00000160.jpg,1,person,289.61,317.06,365.67,484.9
person-9,00000161.jpg,1,person,288.4,314.17,368.28,484.87
person-9,00000162.jpg,1,person,286.64,310.29,369.53,483.13
person-9,00000163.jpg,1,person,285.38,308.25,370.91,479.07
person-9,00000164.jpg,1,person,285.86,305.15,373.55,472.76
person-9,00000165.jpg,1,person,286.54,302.56,375.31,472.23
person-9,00000166.jpg,1,person,287.11,298.42,378.12,469.57
person-9,00000167.jpg,1,person,288.15,295.26,379.28,467.49
person-9,00000168.jpg,1,person,291.59,291.6,383.45,464.54
person-9,00000169.jpg,1,person,294.32,289.62,385.79,461.61
person-9,00000170.jpg,1,person,299.59,286.97,389.55,456.46
person-9,00000171.jpg,1,person,304.94,284.56,395.89,451.6
person-9,00000172.jpg,1,person,310.55,281.99,402.23,447.31
person-9,00000173.jpg,1,person,316.58,280.42,409.4,444.41
person-9,00000174.jpg,1,person,320.83,278.09,416.35,441.16
person-9,00000175.jpg,1,person,326.77,276.04,422.16,437.87
person-9,00000176.jpg,1,person,333.16,275.44,426.26,437.91
person-9,00000177.jpg,1,person,338.31,274.04,426.41,435.52
person-9,00000178.jpg,1,person,344.35,272.9,427.04,432.73
person-9,00000179.jpg,1,person,350.99,271.91,428.22,433.55
person-9,00000180.jpg,1,person,357.12,270.46,428.99,430.72
person-9,00000181.jpg,1,person,363.5,269.66,430.34,430.12
person-9,00000182.jpg,1,person,367.39,269.4,432.0,429.97
person-9,00000183.jpg,1,person,372.65,269.74,435.4,429.99
person-9,00000184.jpg,1,person,374.23,269.5,437.05,430.05
person-9,00000185.jpg,1,person,377.95,268.88,439.2,429.54
person-9,00000186.jpg,1,person,378.87,269.43,442.19,429.19
person-9,00000187.jpg,1,person,380.38,268.8,444.79,427.71
person-9,00000188.jpg,1,person,382.15,268.82,446.71,426.93
person-9,00000189.jpg,1,person,383.46,268.86,449.95,424.59
person-9,00000190.jpg,1,person,381.73,268.98,450.98,421.41
person-9,00000191.jpg,1,person,382.52,267.59,452.91,421.26
person-9,00000192.jpg,1,person,384.69,266.96,453.69,421.07
person-9,00000193.jpg,1,person,382.72,266.98,454.62,421.17
person-9,00000194.jpg,1,person,384.04,266.44,455.05,425.89
person-9,00000195.jpg,1,person,381.84,264.86,454.52,424.21
person-9,00000196.jpg,1,person,382.99,265.52,455.37,423.34
person-9,00000197.jpg,1,person,384.46,266.91,457.01,422.26
person-9,00000198.jpg,1,person,385.1,267.11,458.59,421.31
person-9,00000199.jpg,1,person,386.93,267.25,460.0,420.29
person-9,00000200.jpg,1,person,388.67,266.68,461.68,419.94
person-9,00000201.jpg,1,person,389.85,264.14,463.32,420.28
person-9,00000202.jpg,1,person,392.0,267.78,463.92,420.63
person-9,00000203.jpg,1,person,393.23,270.32,464.9,419.57
person-9,00000204.jpg,1,person,396.25,272.45,464.65,419.48
person-9,00000205.jpg,1,person,395.38,271.51,462.96,420.64
person-9,00000206.jpg,1,person,394.74,272.16,462.55,420.36
person-9,00000207.jpg,1,person,395.91,273.12,461.36,422.08
person-9,00000208.jpg,1,person,396.92,272.83,460.76,422.83
person-9,00000209.jpg,1,person,396.81,273.19,461.55,426.45
person-9,00000210.jpg,1,person,395.25,271.65,460.65,426.86
person-9,00000211.jpg,1,person,394.94,272.71,460.27,427.34
person-9,00000212.jpg,1,person,392.38,271.47,459.39,427.75
person-9,00000213.jpg,1,person,391.71,274.12,458.77,426.88
person-9,00000214.jpg,1,person,388.27,274.99,457.87,426.98
person-9,00000215.jpg,1,person,387.0,276.0,459.0,427.0
person-9,00000216.jpg,1,person,386.85,273.62,456.55,426.68
person-9,00000217.jpg,1,person,384.39,273.74,457.25,426.54
person-9,00000218.jpg,1,person,382.36,274.69,457.8,427.15
person-9,00000219.jpg,1,person,382.92,276.22,458.18,427.7
person-9,00000220.jpg,1,person,381.73,277.1,458.05,428.6
person-9,00000221.jpg,1,person,379.82,277.71,459.2,427.61
person-9,00000222.jpg,1,person,380.12,279.77,461.06,427.77
person-9,00000223.jpg,1,person,380.62,280.28,462.23,426.57
person-9,00000224.jpg,1,person,382.58,283.21,463.49,427.73
person-9,00000225.jpg,1,person,382.09,284.16,465.55,427.2
person-9,00000226.jpg,1,person,382.47,284.9,465.58,428.6
person-9,00000227.jpg,1,person,386.4,285.56,466.35,432.3
person-9,00000228.jpg,1,person,386.15,286.72,468.69,437.9
person-9,00000229.jpg,1,person,391.58,288.1,468.63,439.43
person-9,00000230.jpg,1,person,391.49,288.37,468.53,442.21
person-9,00000231.jpg,1,person,393.04,288.76,465.81,443.03
person-9,00000232.jpg,1,person,394.26,288.72,464.88,444.72
person-9,00000233.jpg,1,person,394.34,290.6,464.05,447.23
person-9,00000234.jpg,1,person,392.22,291.43,460.8,450.63
person-9,00000235.jpg,1,person,384.48,292.52,459.48,451.43
person-9,00000236.jpg,1,person,385.43,295.58,458.37,456.58
person-9,00000237.jpg,1,person,381.2,295.7,456.34,458.16
person-9,00000238.jpg,1,person,388.04,298.92,456.47,460.03
person-9,00000239.jpg,1,person,381.56,299.11,455.56,465.15
person-9,00000240.jpg,1,person,380.42,299.78,455.44,463.46
person-9,00000241.jpg,1,person,379.79,301.82,455.32,465.05
person-9,00000242.jpg,1,person,378.71,301.86,453.93,464.7
person-9,00000243.jpg,1,person,378.47,304.19,453.29,464.86
person-9,00000244.jpg,1,person,367.84,303.29,451.42,464.59
person-9,00000245.jpg,1,person,372.03,304.78,449.59,466.08
person-9,00000246.jpg,1,person,370.58,304.85,448.56,467.69
person-9,00000247.jpg,1,person,370.24,304.98,447.01,465.43
person-9,00000248.jpg,1,person,369.2,306.67,445.6,464.63
person-9,00000249.jpg,1,person,370.45,305.93,445.54,460.82
person-9,00000250.jpg,1,person,370.11,309.19,444.62,463.52
person-9,00000251.jpg,1,person,368.83,309.07,443.45,461.96
person-9,00000252.jpg,1,person,369.59,310.99,443.92,460.79
person-9,00000253.jpg,1,person,371.34,311.76,443.94,462.58
person-9,00000254.jpg,1,person,374.01,312.88,445.42,462.86
person-9,00000255.jpg,1,person,376.09,313.98,446.79,466.37
person-9,00000256.jpg,1,person,377.39,313.83,448.82,465.49
person-9,00000257.jpg,1,person,378.97,314.02,450.47,466.13
person-9,00000258.jpg,1,person,380.4,313.79,452.19,464.78
person-9,00000259.jpg,1,person,382.56,315.3,453.14,465.71
person-9,00000260.jpg,1,person,394.62,315.22,457.31,467.43
person-9,00000261.jpg,1,person,390.42,315.71,461.01,464.54
person-9,00000262.jpg,1,person,391.21,316.14,464.33,467.02
person-9,00000263.jpg,1,person,392.37,317.29,467.41,465.72
person-9,00000264.jpg,1,person,397.66,317.97,470.69,465.94
person-9,00000265.jpg,1,person,400.6,319.3,470.96,465.68
person-9,00000266.jpg,1,person,392.0,320.1,473.75,468.22
person-9,00000267.jpg,1,person,393.64,321.28,493.47,468.99
person-9,00000268.jpg,1,person,392.16,319.59,488.65,474.17
person-9,00000269.jpg,1,person,412.01,319.11,499.5,482.0
person-9,00000270.jpg,1,person,404.28,324.66,506.52,487.3
person-9,00000271.jpg,1,person,404.57,324.77,499.79,486.67
person-9,00000272.jpg,1,person,404.33,323.9,496.5,487.65
person-9,00000273.jpg,1,person,408.58,322.44,505.14,481.44
person-9,00000274.jpg,1,person,413.48,328.23,509.28,476.36
person-9,00000275.jpg,1,person,416.89,324.27,511.2,474.57
person-9,00000276.jpg,1,person,426.29,325.84,516.53,474.33
person-9,00000277.jpg,1,person,433.57,325.06,518.17,477.01
person-9,00000278.jpg,1,person,438.55,324.62,521.42,476.78
person-9,00000279.jpg,1,person,442.7,324.88,521.61,478.09
person-9,00000280.jpg,1,person,446.96,325.2,524.99,476.78
person-9,00000281.jpg,1,person,450.21,320.39,537.14,477.83
person-9,00000282.jpg,1,person,455.7,313.14,547.53,476.68
person-9,00000283.jpg,1,person,457.44,312.75,546.7,478.8
person-9,00000284.jpg,1,person,459.12,311.27,552.32,479.55
person-9,00000285.jpg,1,person,463.75,310.87,555.19,477.36
person-9,00000286.jpg,1,person,468.01,311.07,553.09,480.89
person-9,00000287.jpg,1,person,472.95,312.56,556.48,482.93
person-9,00000288.jpg,1,person,480.13,314.71,565.21,486.48
person-9,00000289.jpg,1,person,490.18,317.09,576.89,487.96
person-9,00000290.jpg,1,person,492.57,319.64,585.15,486.68
person-9,00000291.jpg,1,person,494.37,322.47,592.61,486.0
person-9,00000292.jpg,1,person,503.35,323.98,600.23,491.59
person-9,00000293.jpg,1,person,511.23,323.86,603.88,490.07
person-9,00000294.jpg,1,person,516.67,322.84,603.13,489.55
person-9,00000295.jpg,1,person,518.5,319.63,601.75,488.58
person-9,00000296.jpg,1,person,518.48,317.52,600.43,489.83
person-9,00000297.jpg,1,person,520.09,310.69,601.85,487.25
person-9,00000298.jpg,1,person,521.4,309.94,618.07,487.46
person-9,00000299.jpg,1,person,527.99,310.55,644.35,486.72
person-9,00000300.jpg,1,person,534.74,306.85,628.14,485.82
person-9,00000301.jpg,1,person,539.42,314.99,629.24,487.3
person-9,00000302.jpg,1,person,544.58,328.53,621.06,493.93
person-9,00000303.jpg,1,person,535.19,328.47,610.98,497.72
person-9,00000304.jpg,1,person,546.14,323.49,614.55,485.4
person-9,00000305.jpg,1,person,464.48,299.48,570.2,431.18
person-9,00000306.jpg,1,person,465.76,295.54,563.11,430.29
person-9,00000307.jpg,1,person,463.88,286.98,551.93,426.94
person-9,00000308.jpg,1,person,554.31,322.13,620.76,500.23
person-9,00000309.jpg,1,person,556.27,321.45,622.25,499.94
person-9,00000310.jpg,1,person,556.44,323.54,623.04,498.38
person-9,00000311.jpg,1,person,558.3,324.89,624.98,499.44
person-9,00000312.jpg,1,person,560.71,324.49,625.69,500.44
person-9,00000313.jpg,1,person,561.51,326.41,624.71,503.32
person-9,00000314.jpg,1,person,561.9,327.24,626.21,502.59
person-9,00000315.jpg,1,person,562.25,328.81,625.82,504.18
person-9,00000316.jpg,1,person,560.73,326.79,627.33,507.79
person-9,00000317.jpg,1,person,561.45,326.07,627.67,509.06
person-9,00000318.jpg,1,person,561.97,328.05,629.69,508.95
person-9,00000319.jpg,1,person,563.37,330.4,632.63,509.52
person-9,00000320.jpg,1,person,562.81,332.23,635.11,512.52
person-9,00000321.jpg,1,person,564.1,331.44,639.89,513.45
person-9,00000322.jpg,1,person,564.0,333.0,642.0,518.0
person-9,00000323.jpg,1,person,561.79,335.51,642.63,513.83
person-9,00000324.jpg,1,person,563.28,337.34,645.87,515.48
person-9,00000325.jpg,1,person,562.89,334.99,646.8,517.06
person-9,00000326.jpg,1,person,564.45,335.92,647.51,518.12
person-9,00000327.jpg,1,person,563.97,339.38,647.52,519.57
person-9,00000328.jpg,1,person,566.77,337.59,649.24,521.11
person-9,00000329.jpg,1,person,565.97,335.98,649.76,521.86
person-9,00000330.jpg,1,person,568.27,342.29,652.2,520.47
person-9,00000331.jpg,1,person,569.35,337.37,654.09,520.77
person-9,00000332.jpg,1,person,571.84,339.96,655.33,520.38
person-9,00000333.jpg,1,person,571.43,338.25,656.94,522.3
person-9,00000334.jpg,1,person,569.13,340.78,657.39,524.31
person-9,00000335.jpg,1,person,570.25,341.74,656.43,525.06
person-9,00000336.jpg,1,person,569.34,342.44,656.84,527.61
person-9,00000337.jpg,1,person,568.93,342.88,655.58,528.5
person-9,00000338.jpg,1,person,569.52,344.49,654.97,530.15
person-9,00000339.jpg,1,person,566.17,346.43,649.94,533.03
person-9,00000340.jpg,1,person,566.51,347.49,646.22,535.81
person-9,00000341.jpg,1,person,563.5,348.84,641.48,535.65
person-9,00000342.jpg,1,person,561.8,350.04,636.81,535.98
person-9,00000343.jpg,1,person,559.04,351.52,634.45,533.27
person-9,00000344.jpg,1,person,556.91,357.52,634.07,531.92
person-9,00000345.jpg,1,person,553.59,358.41,635.65,532.56
person-9,00000346.jpg,1,person,550.04,362.79,634.93,535.68
person-9,00000347.jpg,1,person,546.75,357.05,633.92,537.58
person-9,00000348.jpg,1,person,542.43,356.44,632.0,535.62
person-9,00000349.jpg,1,person,538.37,355.05,629.13,534.21
person-9,00000350.jpg,1,person,537.06,352.13,625.92,533.79
person-9,00000351.jpg,1,person,535.78,352.64,622.48,532.83
person-9,00000352.jpg,1,person,533.59,349.62,619.9,534.2
person-9,00000353.jpg,1,person,532.46,349.18,617.12,533.36
person-9,00000354.jpg,1,person,531.08,347.16,615.14,531.63
person-9,00000355.jpg,1,person,530.02,348.33,612.85,531.53
person-9,00000356.jpg,1,person,528.76,348.05,611.88,531.58
person-9,00000357.jpg,1,person,526.47,346.68,611.77,532.34
person-9,00000358.jpg,1,person,524.75,348.93,610.54,531.96
person-9,00000359.jpg,1,person,523.9,348.23,610.41,531.87
person-9,00000360.jpg,1,person,522.77,348.73,609.9,531.16
person-9,00000361.jpg,1,person,520.92,350.87,609.21,530.53
person-9,00000362.jpg,1,person,518.52,351.27,607.74,529.35
person-9,00000363.jpg,1,person,515.78,354.37,607.96,529.14
person-9,00000364.jpg,1,person,513.52,355.75,606.96,527.01
person-9,00000365.jpg,1,person,510.76,354.87,607.05,526.01
person-9,00000366.jpg,1,person,508.38,354.03,606.76,525.79
person-9,00000367.jpg,1,person,511.45,347.17,609.33,524.72
person-9,00000368.jpg,1,person,510.77,340.74,607.85,523.48
person-9,00000369.jpg,1,person,509.03,340.78,604.52,521.41
person-9,00000370.jpg,1,person,508.68,340.7,605.62,520.58
person-9,00000371.jpg,1,person,511.56,336.21,605.72,518.76
person-9,00000372.jpg,1,person,510.56,343.76,604.15,515.46
person-9,00000373.jpg,1,person,496.31,342.52,608.96,513.43
person-9,00000374.jpg,1,person,489.1,339.77,609.18,513.09
person-9,00000375.jpg,1,person,489.82,336.28,606.93,509.37
person-9,00000376.jpg,1,person,493.29,336.42,605.62,504.28
person-9,00000377.jpg,1,person,499.37,332.99,609.22,502.18
person-9,00000378.jpg,1,person,496.08,329.39,614.01,500.15
person-9,00000379.jpg,1,person,496.65,328.73,617.15,498.21
person-9,00000380.jpg,1,person,495.58,333.24,621.77,496.55
person-9,00000381.jpg,1,person,496.02,331.56,623.53,495.52
person-9,00000382.jpg,1,person,497.36,331.36,624.85,494.98
person-9,00000383.jpg,1,person,497.23,332.93,623.49,494.67
person-9,00000384.jpg,1,person,495.95,333.32,619.87,494.34
person-9,00000385.jpg,1,person,491.57,335.26,621.31,492.52
person-9,00000386.jpg,1,person,496.94,333.83,619.65,491.04
person-9,00000387.jpg,1,person,487.08,335.38,614.96,489.65
person-9,00000388.jpg,1,person,492.8,334.53,618.04,487.76
person-9,00000389.jpg,1,person,493.66,335.18,617.34,486.59
person-9,00000390.jpg,1,person,492.75,335.17,615.95,487.37
person-9,00000391.jpg,1,person,490.44,333.97,616.75,486.96
person-9,00000392.jpg,1,person,492.11,332.47,617.68,486.67
person-9,00000393.jpg,1,person,489.75,329.96,616.51,486.21
person-9,00000394.jpg,1,person,492.21,330.17,615.4,485.25
person-9,00000395.jpg,1,person,489.68,328.59,613.79,484.46
person-9,00000396.jpg,1,person,492.4,324.47,610.24,483.95
person-9,00000397.jpg,1,person,492.4,320.62,606.28,483.4
person-9,00000398.jpg,1,person,495.09,318.72,601.54,482.2
person-9,00000399.jpg,1,person,493.53,315.51,595.05,483.51
person-9,00000400.jpg,1,person,494.85,312.03,590.3,484.24
person-9,00000401.jpg,1,person,493.22,311.45,586.75,484.05
person-9,00000402.jpg,1,person,492.26,309.84,584.39,481.72
person-9,00000403.jpg,1,person,492.6,312.27,583.84,480.46
person-9,00000404.jpg,1,person,485.87,315.54,583.64,482.61
person-9,00000405.jpg,1,person,481.74,319.35,584.01,485.55
person-9,00000406.jpg,1,person,484.35,320.28,579.85,489.68
person-9,00000407.jpg,1,person,482.62,328.21,582.5,490.8
person-9,00000408.jpg,1,person,479.48,319.63,582.43,491.16
person-9,00000409.jpg,1,person,483.68,320.67,582.31,488.71
person-9,00000410.jpg,1,person,484.89,314.86,584.46,484.57
person-9,00000411.jpg,1,person,494.1,316.58,585.64,483.55
person-9,00000412.jpg,1,person,500.23,316.95,580.31,483.91
person-9,00000413.jpg,1,person,505.65,313.96,583.36,484.6
person-9,00000414.jpg,1,person,510.96,309.35,587.65,482.41
person-9,00000415.jpg,1,person,513.85,311.39,581.58,480.19
person-9,00000416.jpg,1,person,519.26,305.7,587.68,481.05
person-9,00000417.jpg,1,person,523.37,295.21,594.19,480.8
person-9,00000418.jpg,1,person,516.68,303.86,591.45,480.12
person-9,00000419.jpg,1,person,518.93,302.6,592.44,482.52
person-9,00000420.jpg,1,person,514.25,293.09,590.99,483.18
person-9,00000421.jpg,1,person,507.12,327.72,591.67,485.97
person-9,00000422.jpg,1,person,506.47,334.41,591.31,487.87
person-9,00000423.jpg,1,person,500.38,331.23,591.97,490.58
person-9,00000424.jpg,1,person,496.21,323.36,592.26,492.98
person-9,00000425.jpg,1,person,494.21,329.67,589.73,493.51
person-9,00000426.jpg,1,person,496.21,323.05,589.8,496.42
person-9,00000427.jpg,1,person,497.5,321.2,593.65,498.47
person-9,00000428.jpg,1,person,502.2,333.32,591.94,499.27
person-9,00000429.jpg,1,person,505.0,330.0,604.0,503.0
person-9,00000430.jpg,1,person,509.64,325.28,593.47,505.81
person-9,00000431.jpg,1,person,516.13,326.43,589.16,505.78
person-9,00000432.jpg,1,person,520.84,323.52,586.75,509.79
person-9,00000433.jpg,1,person,518.45,326.3,585.43,510.08
person-9,00000434.jpg,1,person,516.05,327.82,583.98,513.6
person-9,00000435.jpg,1,person,509.58,326.46,583.49,513.49
person-9,00000436.jpg,1,person,505.3,329.55,585.11,513.53
person-9,00000437.jpg,1,person,503.4,330.88,584.26,512.91
person-9,00000438.jpg,1,person,501.83,329.73,585.88,513.18
person-9,00000439.jpg,1,person,504.04,329.93,585.28,511.27
person-9,00000440.jpg,1,person,507.36,328.15,582.62,510.29
person-9,00000441.jpg,1,person,509.88,328.36,584.96,511.02
person-9,00000442.jpg,1,person,515.87,327.19,590.07,511.75
person-9,00000443.jpg,1,person,522.02,329.91,594.63,513.25
person-9,00000444.jpg,1,person,524.36,333.84,593.25,512.89
person-9,00000445.jpg,1,person,524.02,328.82,590.69,515.36
person-9,00000446.jpg,1,person,521.45,326.0,593.04,515.96
person-9,00000447.jpg,1,person,518.94,328.9,595.83,517.47
person-9,00000448.jpg,1,person,516.5,325.96,604.2,515.92
person-9,00000449.jpg,1,person,512.96,324.5,611.91,517.62
person-9,00000450.jpg,1,person,512.01,327.14,613.74,517.41
person-9,00000451.jpg,1,person,511.62,329.48,613.59,518.78
person-9,00000452.jpg,1,person,512.08,329.85,613.57,520.51
person-9,00000453.jpg,1,person,520.45,329.25,614.91,521.57
person-9,00000454.jpg,1,person,527.68,328.37,617.75,522.05
person-9,00000455.jpg,1,person,534.22,325.15,620.19,522.07
person-9,00000456.jpg,1,person,544.4,316.24,620.41,523.57
person-9,00000457.jpg,1,person,555.8,320.54,620.82,524.37
person-9,00000458.jpg,1,person,565.84,321.99,626.59,526.98
person-9,00000459.jpg,1,person,562.85,319.92,633.49,529.1
person-9,00000460.jpg,1,person,562.94,321.06,640.07,527.27
person-9,00000461.jpg,1,person,567.76,323.25,644.55,526.13
person-9,00000462.jpg,1,person,566.62,323.85,649.14,529.0
person-9,00000463.jpg,1,person,566.54,322.96,658.3,527.96
person-9,00000464.jpg,1,person,567.7,318.19,665.66,528.94
person-9,00000465.jpg,1,person,567.72,314.43,660.26,525.93
person-9,00000466.jpg,1,person,570.82,314.43,667.78,525.89
person-9,00000467.jpg,1,person,577.82,313.17,678.12,528.46
person-9,00000468.jpg,1,person,583.99,308.41,680.05,529.01
person-9,00000469.jpg,1,person,592.03,309.29,680.51,524.66
person-9,00000470.jpg,1,person,588.48,294.04,672.22,508.8
person-9,00000471.jpg,1,person,593.74,295.83,676.71,499.43
person-9,00000472.jpg,1,person,605.67,291.37,687.24,485.61
person-9,00000473.jpg,1,person,600.95,283.68,682.47,479.53
person-9,00000474.jpg,1,person,597.83,283.47,684.85,512.37
person-9,00000475.jpg,1,person,617.37,291.58,701.19,519.11
person-9,00000476.jpg,1,person,627.55,286.46,707.71,512.02
person-9,00000477.jpg,1,person,635.71,295.33,722.64,517.68
person-9,00000478.jpg,1,person,646.02,296.45,728.1,515.57
person-9,00000479.jpg,1,person,652.19,287.11,730.24,511.24
person-9,00000480.jpg,1,person,653.48,275.49,731.08,508.26
person-9,00000481.jpg,1,person,660.14,276.38,735.24,508.19
person-9,00000482.jpg,1,person,666.0,281.6,739.08,503.39
person-9,00000483.jpg,1,person,669.51,282.33,743.26,500.46
person-9,00000484.jpg,1,person,672.95,277.84,748.06,498.82
person-9,00000485.jpg,1,person,677.7,268.61,753.38,494.34
person-9,00000486.jpg,1,person,686.47,270.88,758.88,491.34
person-9,00000487.jpg,1,person,698.27,275.0,769.55,488.34
person-9,00000488.jpg,1,person,707.01,271.08,775.68,484.71
person-9,00000489.jpg,1,person,715.62,271.33,790.64,482.87
person-9,00000490.jpg,1,person,720.62,267.65,797.85,478.91
person-9,00000491.jpg,1,person,726.63,265.52,826.49,475.15
person-9,00000492.jpg,1,person,729.6,263.37,824.65,476.85
person-9,00000493.jpg,1,person,731.87,263.04,822.97,475.14
person-9,00000494.jpg,1,person,737.03,258.88,823.89,471.7
person-9,00000495.jpg,1,person,741.17,259.19,829.15,469.13
person-9,00000496.jpg,1,person,738.11,258.55,831.9,467.57
person-9,00000497.jpg,1,person,737.32,258.46,833.61,466.24
person-9,00000498.jpg,1,person,740.24,258.76,836.57,464.8
person-9,00000499.jpg,1,person,742.72,259.46,839.22,463.64
person-9,00000500.jpg,1,person,745.43,259.4,844.09,462.51
person-9,00000501.jpg,1,person,753.44,259.97,851.53,463.05
person-9,00000502.jpg,1,person,758.43,259.94,858.04,462.66
person-9,00000503.jpg,1,person,763.1,262.76,864.98,463.81
person-9,00000504.jpg,1,person,770.2,263.53,869.65,465.87
person-9,00000505.jpg,1,person,780.28,265.29,876.54,467.11
person-9,00000506.jpg,1,person,787.47,264.04,883.19,468.43
person-9,00000507.jpg,1,person,796.03,264.81,889.36,467.01
person-9,00000508.jpg,1,person,801.91,266.11,897.27,467.17
person-9,00000509.jpg,1,person,809.8,266.49,903.49,466.83
person-9,00000510.jpg,1,person,816.67,267.37,906.09,466.65
person-9,00000511.jpg,1,person,821.93,267.57,906.53,465.03
person-9,00000512.jpg,1,person,824.34,266.38,907.3,465.47
person-9,00000513.jpg,1,person,826.33,267.45,905.92,465.78
person-9,00000514.jpg,1,person,830.62,265.58,905.97,464.69
person-9,00000515.jpg,1,person,830.98,263.74,905.68,466.38
person-9,00000516.jpg,1,person,829.84,266.01,905.97,461.81
person-9,00000517.jpg,1,person,834.34,264.98,908.64,465.14
person-9,00000518.jpg,1,person,837.48,264.35,916.1,464.89
person-9,00000519.jpg,1,person,838.84,266.0,920.93,461.76
person-9,00000520.jpg,1,person,843.97,266.25,924.2,460.58
person-9,00000521.jpg,1,person,845.06,269.08,937.9,463.74
person-9,00000522.jpg,1,person,852.36,271.38,944.69,463.26
person-9,00000523.jpg,1,person,851.24,271.83,944.18,462.06
person-9,00000524.jpg,1,person,851.35,273.5,950.44,463.35
person-9,00000525.jpg,1,person,855.57,274.09,940.9,465.08
person-9,00000526.jpg,1,person,859.21,275.07,939.03,460.84
person-9,00000527.jpg,1,person,870.15,274.23,938.9,464.21
person-9,00000528.jpg,1,person,873.25,275.64,947.04,461.31
person-9,00000529.jpg,1,person,876.73,275.66,951.77,467.89
person-9,00000530.jpg,1,person,882.43,275.22,971.91,467.5
person-9,00000531.jpg,1,person,885.38,275.16,964.41,471.12
person-9,00000532.jpg,1,person,883.39,273.27,965.45,470.53
person-9,00000533.jpg,1,person,772.36,242.25,849.78,408.56
person-9,00000534.jpg,1,person,775.55,235.47,856.05,404.49
person-9,00000535.jpg,1,person,778.9,235.43,862.79,406.94
person-9,00000536.jpg,1,person,898.0,266.0,981.0,460.0
person-9,00000537.jpg,1,person,896.48,267.66,978.99,458.19
person-9,00000538.jpg,1,person,898.16,270.68,987.19,453.72
person-9,00000539.jpg,1,person,899.36,272.25,993.55,456.86
person-9,00000540.jpg,1,person,898.58,275.36,1006.69,458.4
person-9,00000541.jpg,1,person,899.26,277.81,1014.93,458.19
person-9,00000542.jpg,1,person,900.82,279.68,1020.84,453.46
person-9,00000543.jpg,1,person,902.73,280.56,1026.05,453.77
person-9,00000544.jpg,1,person,905.49,282.26,1026.17,457.85
person-9,00000545.jpg,1,person,913.64,281.85,1028.91,458.46
person-9,00000546.jpg,1,person,910.1,285.48,1002.89,460.35
person-9,00000547.jpg,1,person,906.46,286.68,992.35,455.97
person-9,00000548.jpg,1,person,901.01,288.23,998.15,460.94
person-9,00000549.jpg,1,person,904.65,287.38,998.15,456.4
person-9,00000550.jpg,1,person,903.82,285.62,1001.5,454.64
person-9,00000551.jpg,1,person,911.19,282.2,1003.35,451.71
person-9,00000552.jpg,1,person,899.85,279.9,1007.16,452.32
person-9,00000553.jpg,1,person,907.18,279.58,1014.14,451.28
person-9,00000554.jpg,1,person,908.43,274.78,1008.08,450.21
person-9,00000555.jpg,1,person,907.0,275.96,1012.8,449.02
person-9,00000556.jpg,1,person,903.75,277.86,1010.95,452.24
person-9,00000557.jpg,1,person,903.9,279.29,1011.2,451.53
person-9,00000558.jpg,1,person,898.52,282.95,1008.91,448.24
person-9,00000559.jpg,1,person,891.88,283.44,998.99,448.28
person-9,00000560.jpg,1,person,900.47,284.16,995.03,444.76
person-9,00000561.jpg,1,person,894.68,284.22,984.7,446.79
person-9,00000562.jpg,1,person,895.19,281.16,979.77,446.76
person-9,00000563.jpg,1,person,897.45,279.2,981.18,444.44
person-9,00000564.jpg,1,person,895.08,279.3,982.33,446.19
person-9,00000565.jpg,1,person,892.57,273.58,978.45,432.95
person-9,00000566.jpg,1,person,884.74,266.83,964.08,421.49
person-9,00000567.jpg,1,person,873.71,251.59,942.01,405.45
person-9,00000568.jpg,1,person,866.26,233.36,927.15,386.55
person-9,00000569.jpg,1,person,878.33,229.19,931.11,387.47
person-9,00000570.jpg,1,person,886.54,221.62,934.52,383.81
person-9,00000571.jpg,1,person,898.19,288.96,973.18,458.5
person-9,00000572.jpg,1,person,900.89,292.66,972.89,455.93
person-9,00000573.jpg,1,person,902.75,299.68,977.34,456.32
person-9,00000574.jpg,1,person,909.28,302.07,979.22,452.68
person-9,00000575.jpg,1,person,906.15,292.02,989.55,454.24
person-9,00000576.jpg,1,person,907.54,280.87,992.44,454.46
person-9,00000577.jpg,1,person,918.89,261.02,987.93,423.92
person-9,00000578.jpg,1,person,924.56,259.16,995.67,407.83
person-9,00000579.jpg,1,person,930.06,263.88,1000.47,415.63
person-9,00000580.jpg,1,person,925.66,285.43,1002.33,432.99
person-9,00000581.jpg,1,person,922.21,295.91,999.61,449.14
person-9,00000582.jpg,1,person,947.1,252.95,1010.52,438.29
person-9,00000583.jpg,1,person,957.85,235.92,1008.66,428.07
person-9,00000584.jpg,1,person,912.28,304.68,1001.11,472.83
person-9,00000585.jpg,1,person,912.31,302.85,1003.08,472.78
person-9,00000586.jpg,1,person,918.85,303.7,1006.64,475.37
person-9,00000587.jpg,1,person,923.95,298.15,1004.75,475.83
person-9,00000588.jpg,1,person,924.42,302.22,1008.79,486.53
person-9,00000589.jpg,1,person,925.55,305.24,1008.93,485.68
person-9,00000590.jpg,1,person,926.87,308.82,1005.31,493.05
person-9,00000591.jpg,1,person,929.49,311.26,1012.27,499.22
person-9,00000592.jpg,1,person,933.62,316.21,1005.98,497.34
person-9,00000593.jpg,1,person,933.42,319.64,1005.23,503.68
person-9,00000594.jpg,1,person,931.16,323.41,1001.8,500.68
person-9,00000595.jpg,1,person,927.0,324.83,1004.75,503.24
person-9,00000596.jpg,1,person,922.01,323.31,1006.31,502.92
person-9,00000597.jpg,1,person,931.63,323.12,1010.43,493.98
person-9,00000598.jpg,1,person,940.85,323.58,1006.63,494.99
person-9,00000599.jpg,1,person,941.79,322.31,1006.0,501.43
person-9,00000600.jpg,1,person,941.38,323.93,1005.36,504.16
person-9,00000601.jpg,1,person,936.72,326.06,1004.03,507.86
person-9,00000602.jpg,1,person,931.77,328.63,1004.21,509.8
person-9,00000603.jpg,1,person,934.86,334.13,1000.93,512.27
person-9,00000604.jpg,1,person,933.99,336.77,996.58,514.28
person-9,00000605.jpg,1,person,930.99,340.16,992.71,514.91
person-9,00000606.jpg,1,person,933.34,342.08,995.17,516.18
person-9,00000607.jpg,1,person,928.27,343.03,998.64,513.61
person-9,00000608.jpg,1,person,919.45,340.46,998.4,512.41
person-9,00000609.jpg,1,person,923.86,336.2,996.53,483.12
person-9,00000610.jpg,1,person,920.25,339.04,999.21,519.61
person-9,00000611.jpg,1,person,925.61,338.46,999.52,518.12
person-9,00000612.jpg,1,person,926.04,338.58,995.8,520.24
person-9,00000613.jpg,1,person,926.18,338.6,993.55,518.87
person-9,00000614.jpg,1,person,921.88,341.35,989.96,518.98
person-9,00000615.jpg,1,person,911.01,343.33,986.8,520.3
person-9,00000616.jpg,1,person,921.69,344.32,984.9,518.04
person-9,00000617.jpg,1,person,924.83,343.87,985.2,516.84
person-9,00000618.jpg,1,person,917.2,343.33,990.7,516.79
person-9,00000619.jpg,1,person,920.37,341.49,1001.81,513.17
person-9,00000620.jpg,1,person,935.23,339.01,1007.84,510.99
person-9,00000621.jpg,1,person,935.46,338.17,1006.57,510.02
person-9,00000622.jpg,1,person,944.1,337.23,1014.53,510.24
person-9,00000623.jpg,1,person,945.84,337.12,1015.13,508.71
person-9,00000624.jpg,1,person,935.0,338.82,1005.49,513.03
person-9,00000625.jpg,1,person,927.65,340.53,1001.19,510.69
person-9,00000626.jpg,1,person,930.53,343.54,1015.88,511.17
person-9,00000627.jpg,1,person,939.82,346.61,1026.91,511.91
person-9,00000628.jpg,1,person,948.0,348.53,1033.1,511.15
person-9,00000629.jpg,1,person,957.72,348.78,1031.52,512.29
person-9,00000630.jpg,1,person,963.7,348.7,1027.46,511.8
person-9,00000631.jpg,1,person,967.34,349.02,1023.43,516.33
person-9,00000632.jpg,1,person,967.88,346.75,1021.49,516.13
person-9,00000633.jpg,1,person,971.67,347.02,1021.36,515.55
person-9,00000634.jpg,1,person,966.81,345.85,1026.37,513.9
person-9,00000635.jpg,1,person,952.4,345.93,1027.74,511.27
person-9,00000636.jpg,1,person,943.25,346.88,1033.1,510.8
person-9,00000637.jpg,1,person,942.05,348.54,1033.63,516.44
person-9,00000638.jpg,1,person,941.75,351.57,1037.22,516.11
person-9,00000639.jpg,1,person,942.91,355.79,1039.04,515.88
person-9,00000640.jpg,1,person,950.82,357.5,1040.95,514.38
person-9,00000641.jpg,1,person,957.42,356.34,1038.41,516.73
person-9,00000642.jpg,1,person,966.28,356.94,1034.1,513.11
person-9,00000643.jpg,1,person,973.0,360.0,1033.0,515.0
person-9,00000644.jpg,1,person,978.8,358.23,1035.32,513.3
person-9,00000645.jpg,1,person,983.63,355.7,1040.34,515.69
person-9,00000646.jpg,1,person,990.21,354.11,1043.26,513.29
person-9,00000647.jpg,1,person,988.78,353.57,1045.56,509.13
person-9,00000648.jpg,1,person,984.45,353.16,1046.23,512.97
person-9,00000649.jpg,1,person,981.67,353.63,1048.54,508.58
person-9,00000650.jpg,1,person,979.19,353.15,1050.84,508.39
person-9,00000651.jpg,1,person,981.82,354.92,1052.26,510.85
person-9,00000652.jpg,1,person,990.56,356.52,1060.01,508.51
person-9,00000653.jpg,1,person,999.72,357.13,1061.79,512.15
person-9,00000654.jpg,1,person,1006.12,359.33,1065.14,504.79
person-9,00000655.jpg,1,person,1003.88,359.87,1059.89,511.53
person-9,00000656.jpg,1,person,1002.21,358.43,1058.23,507.73
person-9,00000657.jpg,1,person,1001.45,359.14,1052.12,516.34
person-9,00000658.jpg,1,person,995.1,359.83,1050.9,516.2
person-9,00000659.jpg,1,person,980.52,359.9,1047.67,520.14
person-9,00000660.jpg,1,person,972.54,360.08,1046.15,523.88
person-9,00000661.jpg,1,person,981.34,360.39,1048.02,524.7
person-9,00000662.jpg,1,person,970.07,361.48,1046.88,526.28
person-9,00000663.jpg,1,person,977.65,362.79,1048.17,527.86
person-9,00000664.jpg,1,person,977.88,363.69,1048.03,533.27
person-9,00000665.jpg,1,person,972.29,364.78,1046.62,533.5
person-9,00000666.jpg,1,person,976.01,364.56,1049.57,534.61
person-9,00000667.jpg,1,person,972.5,365.44,1048.02,534.04
person-9,00000668.jpg,1,person,967.72,367.31,1048.71,534.12
person-9,00000669.jpg,1,person,975.62,368.24,1049.16,534.67
person-9,00000670.jpg,1,person,978.44,367.51,1047.2,535.05
person-9,00000671.jpg,1,person,983.78,368.53,1048.49,537.83
person-9,00000672.jpg,1,person,984.63,368.51,1045.58,535.67
person-9,00000673.jpg,1,person,987.24,368.75,1045.22,536.67
person-9,00000674.jpg,1,person,988.43,368.67,1045.06,535.96
person-9,00000675.jpg,1,person,988.17,369.12,1044.83,536.42
person-9,00000676.jpg,1,person,989.83,368.21,1046.52,534.35
person-9,00000677.jpg,1,person,988.54,369.01,1047.15,538.54
person-9,00000678.jpg,1,person,984.05,366.63,1048.16,535.01
person-9,00000679.jpg,1,person,979.72,366.28,1050.18,533.35
person-9,00000680.jpg,1,person,979.25,365.78,1051.63,532.27
person-9,00000681.jpg,1,person,980.23,365.16,1050.42,532.09
person-9,00000682.jpg,1,person,981.57,364.97,1050.39,533.43
person-9,00000683.jpg,1,person,978.08,364.31,1051.98,532.83
person-9,00000684.jpg,1,person,974.78,365.05,1051.33,530.62
person-9,00000685.jpg,1,person,976.08,365.65,1051.47,529.68
person-9,00000686.jpg,1,person,987.66,364.02,1051.14,528.49
person-9,00000687.jpg,1,person,981.97,364.69,1049.53,528.42
person-9,00000688.jpg,1,person,972.83,363.88,1046.38,528.42
person-9,00000689.jpg,1,person,970.6,363.87,1048.69,529.5
person-9,00000690.jpg,1,person,965.31,364.52,1045.27,532.16
person-9,00000691.jpg,1,person,978.56,365.58,1048.96,531.9
person-9,00000692.jpg,1,person,965.88,365.57,1045.74,531.35
person-9,00000693.jpg,1,person,972.61,365.72,1050.18,533.86
person-9,00000694.jpg,1,person,965.01,366.63,1046.27,533.57
person-9,00000695.jpg,1,person,963.57,365.72,1046.88,534.18
person-9,00000696.jpg,1,person,966.1,366.66,1046.39,533.28
person-9,00000697.jpg,1,person,963.83,367.23,1048.02,536.58
person-9,00000698.jpg,1,person,964.44,367.11,1044.85,535.05
person-9,00000699.jpg,1,person,967.68,367.57,1045.94,535.36
person-9,00000700.jpg,1,person,970.08,368.44,1046.01,536.21
person-9,00000701.jpg,1,person,971.29,368.43,1043.25,536.52
person-9,00000702.jpg,1,person,971.24,368.81,1043.22,537.49
person-9,00000703.jpg,1,person,970.99,370.05,1040.4,538.86
person-9,00000704.jpg,1,person,971.36,370.81,1038.99,542.42
person-9,00000705.jpg,1,person,972.16,371.2,1036.29,542.19
person-9,00000706.jpg,1,person,971.39,372.71,1035.34,542.42
person-9,00000707.jpg,1,person,974.81,372.07,1035.66,541.13
person-9,00000708.jpg,1,person,975.02,373.08,1035.78,541.61
person-9,00000709.jpg,1,person,975.09,373.26,1035.96,542.32
person-9,00000710.jpg,1,person,974.51,373.04,1036.86,542.52
person-9,00000711.jpg,1,person,976.07,372.99,1037.39,542.24
person-9,00000712.jpg,1,person,975.11,373.85,1038.04,543.18
person-9,00000713.jpg,1,person,977.08,373.34,1038.05,541.96
person-9,00000714.jpg,1,person,975.25,373.32,1038.35,542.4
person-9,00000715.jpg,1,person,982.98,373.55,1039.69,542.47
person-9,00000716.jpg,1,person,981.57,372.65,1039.3,541.88
person-9,00000717.jpg,1,person,984.69,374.34,1040.0,542.83
person-9,00000718.jpg,1,person,985.66,373.56,1040.16,542.7
person-9,00000719.jpg,1,person,983.15,373.85,1040.25,541.44
person-9,00000720.jpg,1,person,985.2,374.23,1041.13,542.91
person-9,00000721.jpg,1,person,979.29,374.42,1039.12,541.55
person-9,00000722.jpg,1,person,982.75,375.32,1039.32,541.73
person-9,00000723.jpg,1,person,984.05,374.35,1039.0,542.6
person-9,00000724.jpg,1,person,983.95,375.93,1039.08,541.99
person-9,00000725.jpg,1,person,980.21,375.01,1039.94,540.81
person-9,00000726.jpg,1,person,975.87,375.9,1040.71,540.73
person-9,00000727.jpg,1,person,977.04,374.96,1042.79,540.4
person-9,00000728.jpg,1,person,978.68,374.76,1044.8,540.61
person-9,00000729.jpg,1,person,982.37,375.1,1045.13,539.83
person-9,00000730.jpg,1,person,992.65,376.17,1044.88,539.63
person-9,00000731.jpg,1,person,997.43,376.77,1046.67,541.96
person-9,00000732.jpg,1,person,998.96,377.3,1047.92,543.67
person-9,00000733.jpg,1,person,1001.06,376.86,1049.72,541.13
person-9,00000734.jpg,1,person,1002.29,376.92,1050.48,541.83
person-9,00000735.jpg,1,person,1002.46,376.22,1052.4,542.65
person-9,00000736.jpg,1,person,1004.94,375.33,1053.9,543.43
person-9,00000737.jpg,1,person,1007.3,374.57,1055.43,543.87
person-9,00000738.jpg,1,person,1008.52,374.12,1057.8,543.14
person-9,00000739.jpg,1,person,1009.6,372.77,1059.83,542.36
person-9,00000740.jpg,1,person,1010.81,373.0,1063.35,543.19
person-9,00000741.jpg,1,person,1011.93,373.03,1064.05,543.96
person-9,00000742.jpg,1,person,1013.3,373.3,1065.19,545.9
person-9,00000743.jpg,1,person,1013.75,373.09,1070.09,544.46
person-9,00000744.jpg,1,person,1014.05,373.12,1068.29,543.85
person-9,00000745.jpg,1,person,1012.97,373.6,1068.28,546.0
person-9,00000746.jpg,1,person,1010.37,373.82,1068.56,544.44
person-9,00000747.jpg,1,person,1008.66,372.82,1066.73,543.51
person-9,00000748.jpg,1,person,1006.65,373.39,1067.48,541.12
person-9,00000749.jpg,1,person,1008.0,375.0,1080.0,546.0
person-9,00000750.jpg,1,person,1006.12,374.17,1079.4,545.75
person-9,00000751.jpg,1,person,1005.92,373.97,1078.26,545.68
person-9,00000752.jpg,1,person,1004.89,373.21,1077.83,545.9
person-9,00000753.jpg,1,person,1007.09,372.45,1074.67,545.36
person-9,00000754.jpg,1,person,1006.45,372.66,1073.6,546.16
person-9,00000755.jpg,1,person,1002.45,373.16,1070.85,547.06
person-9,00000756.jpg,1,person,999.23,371.69,1067.38,549.49
person-9,00000757.jpg,1,person,995.84,368.58,1069.12,550.16
person-9,00000758.jpg,1,person,994.86,363.24,1063.87,547.84
person-9,00000759.jpg,1,person,993.25,350.72,1061.51,546.78
person-9,00000760.jpg,1,person,993.49,344.55,1061.85,548.0
person-9,00000761.jpg,1,person,995.87,343.69,1061.63,547.85
person-9,00000762.jpg,1,person,996.33,345.06,1062.27,548.29
person-9,00000763.jpg,1,person,995.49,352.9,1062.71,546.16
person-9,00000764.jpg,1,person,996.63,350.3,1064.49,547.03
person-9,00000765.jpg,1,person,1000.37,336.26,1065.94,547.27
person-9,00000766.jpg,1,person,1002.33,336.1,1066.39,546.49
person-9,00000767.jpg,1,person,1003.81,336.89,1067.79,547.05
person-9,00000768.jpg,1,person,1002.7,339.44,1069.18,548.02
person-9,00000769.jpg,1,person,1004.66,349.38,1071.26,548.76
person-9,00000770.jpg,1,person,1006.56,339.67,1074.0,551.28
person-9,00000771.jpg,1,person,1008.26,336.37,1075.71,549.63
person-9,00000772.jpg,1,person,1007.92,336.1,1078.57,548.38
person-9,00000773.jpg,1,person,1008.96,335.86,1080.01,555.17
person-9,00000774.jpg,1,person,1009.81,343.99,1081.75,552.71
person-9,00000775.jpg,1,person,1010.6,331.5,1081.74,553.75
person-9,00000776.jpg,1,person,1007.11,336.66,1085.84,555.22
person-9,00000777.jpg,1,person,1008.37,337.79,1086.61,561.48
person-9,00000778.jpg,1,person,1008.61,340.1,1087.87,557.72
person-9,00000779.jpg,1,person,1008.66,348.06,1088.93,553.83
person-9,00000780.jpg,1,person,1009.12,358.96,1089.09,552.88
person-9,00000781.jpg,1,person,1010.5,368.19,1088.82,551.98
person-9,00000782.jpg,1,person,1012.9,369.64,1089.71,550.22
person-9,00000783.jpg,1,person,1015.6,369.82,1088.52,550.42
person-9,00000784.jpg,1,person,1018.52,369.82,1087.31,549.72
person-9,00000785.jpg,1,person,1019.05,369.62,1085.92,549.88
person-9,00000786.jpg,1,person,1015.96,369.89,1085.07,548.92
person-9,00000787.jpg,1,person,1014.79,369.74,1085.06,550.28
person-9,00000788.jpg,1,person,1019.04,369.05,1084.92,548.75
person-9,00000789.jpg,1,person,1024.33,369.11,1084.94,549.71
person-9,00000790.jpg,1,person,1026.44,369.14,1082.51,549.95
person-9,00000791.jpg,1,person,1026.15,369.17,1083.0,547.66
person-9,00000792.jpg,1,person,1024.19,369.15,1081.17,548.37
person-9,00000793.jpg,1,person,1022.73,368.8,1079.93,547.95
person-9,00000794.jpg,1,person,1020.65,369.12,1078.98,548.73
person-9,00000795.jpg,1,person,1017.2,369.11,1077.78,547.92
person-9,00000796.jpg,1,person,1015.65,368.77,1078.66,549.73
person-9,00000797.jpg,1,person,1013.63,368.45,1078.99,549.26
person-9,00000798.jpg,1,person,1012.2,368.08,1078.31,548.34
person-9,00000799.jpg,1,person,1010.2,367.92,1075.93,549.04
person-9,00000800.jpg,1,person,1009.89,369.69,1075.85,551.19
person-9,00000801.jpg,1,person,1011.32,368.33,1075.22,549.41
person-9,00000802.jpg,1,person,1010.52,368.59,1074.09,550.03
person-9,00000803.jpg,1,person,1010.83,368.77,1073.56,549.74
person-9,00000804.jpg,1,person,1010.54,368.33,1073.73,548.24
person-9,00000805.jpg,1,person,1011.87,367.65,1074.02,547.92
person-9,00000806.jpg,1,person,1012.72,367.07,1074.69,546.35
person-9,00000807.jpg,1,person,1012.57,365.93,1073.93,543.64
person-9,00000808.jpg,1,person,1011.17,364.99,1074.19,542.93
person-9,00000809.jpg,1,person,1007.02,364.3,1074.24,541.95
person-9,00000810.jpg,1,person,1001.95,364.03,1073.78,540.8
person-9,00000811.jpg,1,person,998.96,364.17,1073.94,541.37
person-9,00000812.jpg,1,person,996.73,363.28,1073.89,541.08
person-9,00000813.jpg,1,person,994.83,361.77,1072.51,540.17
person-9,00000814.jpg,1,person,994.3,361.79,1070.11,540.07
person-9,00000815.jpg,1,person,993.05,361.13,1067.23,540.4
person-9,00000816.jpg,1,person,993.85,359.98,1067.1,538.89
person-9,00000817.jpg,1,person,992.61,359.73,1067.4,539.68
person-9,00000818.jpg,1,person,992.54,359.1,1068.06,539.74
person-9,00000819.jpg,1,person,992.08,358.65,1068.49,540.42
person-9,00000820.jpg,1,person,992.75,358.42,1069.09,541.32
person-9,00000821.jpg,1,person,993.83,358.47,1069.73,541.13
person-9,00000822.jpg,1,person,993.06,357.83,1069.87,540.27
person-9,00000823.jpg,1,person,994.65,357.65,1069.73,540.83
person-9,00000824.jpg,1,person,994.55,357.83,1069.21,541.56
person-9,00000825.jpg,1,person,996.23,358.13,1069.36,542.53
person-9,00000826.jpg,1,person,996.02,358.22,1068.4,543.14
person-9,00000827.jpg,1,person,995.85,357.66,1067.77,542.76
person-9,00000828.jpg,1,person,996.05,357.25,1067.28,542.05
person-9,00000829.jpg,1,person,995.65,355.3,1066.81,542.38
person-9,00000830.jpg,1,person,995.4,355.8,1065.52,543.16
person-9,00000831.jpg,1,person,995.38,353.69,1064.88,543.26
person-9,00000832.jpg,1,person,995.24,354.2,1062.62,541.0
person-9,00000833.jpg,1,person,994.56,352.38,1060.39,536.8
person-9,00000834.jpg,1,person,994.08,351.83,1059.03,535.34
person-9,00000835.jpg,1,person,993.02,351.95,1055.49,536.12
person-9,00000836.jpg,1,person,992.46,351.14,1052.78,535.94
person-9,00000837.jpg,1,person,990.8,351.27,1050.26,537.03
person-9,00000838.jpg,1,person,989.59,351.69,1049.12,538.37
person-9,00000839.jpg,1,person,988.59,351.98,1049.69,539.16
person-9,00000840.jpg,1,person,982.81,351.38,1049.62,539.0
person-9,00000841.jpg,1,person,976.48,351.6,1049.5,539.38
person-9,00000842.jpg,1,person,973.15,353.32,1051.63,539.54
person-9,00000843.jpg,1,person,972.78,353.28,1051.82,539.13
person-9,00000844.jpg,1,person,973.16,352.76,1052.72,538.33
person-9,00000845.jpg,1,person,975.02,352.56,1055.11,538.49
person-9,00000846.jpg,1,person,976.15,352.97,1054.56,536.88
person-9,00000847.jpg,1,person,977.16,353.96,1054.66,535.32
person-9,00000848.jpg,1,person,978.3,352.06,1054.11,533.65
person-9,00000849.jpg,1,person,977.57,350.99,1049.6,533.27
person-9,00000850.jpg,1,person,975.66,349.46,1045.08,533.09
person-9,00000851.jpg,1,person,973.71,349.34,1042.17,535.97
person-9,00000852.jpg,1,person,972.06,348.08,1040.89,534.77
person-9,00000853.jpg,1,person,970.13,347.58,1040.36,535.9
person-9,00000854.jpg,1,person,968.11,347.6,1039.48,537.28
person-9,00000855.jpg,1,person,967.0,347.0,1043.0,540.0
person-9,00000856.jpg,1,person,965.17,345.17,1040.47,537.85
person-9,00000857.jpg,1,person,964.31,345.32,1040.18,537.39
person-9,00000858.jpg,1,person,963.68,345.68,1039.56,538.25
person-9,00000859.jpg,1,person,962.29,346.06,1038.03,537.91
person-9,00000860.jpg,1,person,962.61,345.39,1036.27,536.98
person-9,00000861.jpg,1,person,961.59,344.43,1033.5,536.58
person-9,00000862.jpg,1,person,961.01,343.44,1029.43,535.75
person-9,00000863.jpg,1,person,960.91,344.5,1027.31,535.66
person-9,00000864.jpg,1,person,960.09,343.93,1027.05,534.91
person-9,00000865.jpg,1,person,955.69,344.9,1028.29,536.23
person-9,00000866.jpg,1,person,954.61,344.65,1030.35,535.53
person-9,00000867.jpg,1,person,954.99,346.6,1031.33,536.28
person-9,00000868.jpg,1,person,955.91,348.06,1032.86,536.48
person-9,00000869.jpg,1,person,954.34,349.52,1033.08,534.61
person-9,00000870.jpg,1,person,952.62,351.13,1035.1,534.56
person-9,00000871.jpg,1,person,953.13,351.38,1035.26,532.86
person-9,00000872.jpg,1,person,952.59,349.9,1031.78,530.37
person-9,00000873.jpg,1,person,952.49,349.23,1031.25,528.87
person-9,00000874.jpg,1,person,951.45,348.35,1026.18,527.54
person-9,00000875.jpg,1,person,950.59,346.73,1026.75,526.26
person-9,00000876.jpg,1,person,947.87,346.21,1022.62,524.21
person-9,00000877.jpg,1,person,948.37,345.72,1023.44,518.57
person-9,00000878.jpg,1,person,949.3,345.64,1024.31,518.08
person-9,00000879.jpg,1,person,948.92,349.47,1025.83,517.82
person-9,00000880.jpg,1,person,950.7,352.83,1030.93,519.12
person-9,00000881.jpg,1,person,949.74,357.28,1032.86,521.35
person-9,00000882.jpg,1,person,947.82,360.31,1033.69,521.79
person-9,00000883.jpg,1,person,946.83,362.29,1033.74,521.22
person-9,00000884.jpg,1,person,942.62,364.07,1034.4,522.47
person-9,00000885.jpg,1,person,941.3,363.75,1035.91,519.9
person-9,00000886.jpg,1,person,938.16,361.27,1036.02,521.13
person-9,00000887.jpg,1,person,936.26,358.32,1036.81,520.64
person-9,00000888.jpg,1,person,932.7,356.87,1036.22,521.72
person-9,00000889.jpg,1,person,930.69,353.7,1036.2,522.89
person-9,00000890.jpg,1,person,930.01,352.09,1034.56,524.54
person-9,00000891.jpg,1,person,929.2,350.16,1031.28,527.01
person-9,00000892.jpg,1,person,926.01,348.68,1029.01,527.0
person-9,00000893.jpg,1,person,920.27,349.33,1028.02,526.6
person-9,00000894.jpg,1,person,921.91,348.83,1026.16,527.93
person-9,00000895.jpg,1,person,920.75,347.2,1023.55,530.84
person-9,00000896.jpg,1,person,922.85,349.03,1022.31,527.26
person-9,00000897.jpg,1,person,922.93,351.22,1021.35,530.16
person-9,00000898.jpg,1,person,920.29,352.91,1020.86,530.18
person-9,00000899.jpg,1,person,923.65,354.43,1021.23,527.85
person-9,00000900.jpg,1,person,928.58,355.62,1022.02,528.74
person-9,00000901.jpg,1,person,928.74,355.71,1023.88,527.18
person-9,00000902.jpg,1,person,934.37,358.0,1025.03,527.65
person-9,00000903.jpg,1,person,935.48,359.31,1026.07,532.03
person-9,00000904.jpg,1,person,939.6,361.76,1027.34,532.45
person-9,00000905.jpg,1,person,941.37,360.92,1029.35,530.1
person-9,00000906.jpg,1,person,944.09,361.21,1029.61,532.9
person-9,00000907.jpg,1,person,929.26,360.18,1029.81,535.68
person-9,00000908.jpg,1,person,932.45,359.28,1031.35,534.9
person-9,00000909.jpg,1,person,922.61,357.86,1034.95,536.02
person-9,00000910.jpg,1,person,927.44,355.74,1037.4,535.2
person-9,00000911.jpg,1,person,931.78,353.54,1038.22,535.59
person-9,00000912.jpg,1,person,942.48,352.69,1039.22,537.12
person-9,00000913.jpg,1,person,960.15,352.28,1043.93,538.31
person-9,00000914.jpg,1,person,975.98,351.71,1049.55,540.77
person-9,00000915.jpg,1,person,977.31,352.07,1055.02,543.38
person-9,00000916.jpg,1,person,978.56,352.15,1059.42,543.26
person-9,00000917.jpg,1,person,981.08,352.62,1066.54,544.97
person-9,00000918.jpg,1,person,982.5,353.73,1080.93,545.08
person-9,00000919.jpg,1,person,983.42,355.06,1093.94,547.36
person-9,00000920.jpg,1,person,983.92,354.86,1106.47,553.46
person-9,00000921.jpg,1,person,983.82,356.34,1118.22,554.81
person-9,00000922.jpg,1,person,986.19,360.05,1124.9,555.49
person-9,00000923.jpg,1,person,988.37,360.51,1127.31,556.27
person-9,00000924.jpg,1,person,992.04,361.66,1124.88,557.24
person-9,00000925.jpg,1,person,997.48,361.36,1125.43,557.14
person-9,00000926.jpg,1,person,1012.51,362.01,1122.16,556.62
person-9,00000927.jpg,1,person,1013.36,360.2,1117.58,555.32
person-9,00000928.jpg,1,person,1014.52,357.15,1115.35,554.4
person-9,00000929.jpg,1,person,1012.75,356.55,1111.83,553.56
person-9,00000930.jpg,1,person,1010.6,356.8,1108.63,553.61
person-9,00000931.jpg,1,person,1008.42,355.3,1103.94,552.8
person-9,00000932.jpg,1,person,998.99,354.98,1099.1,552.46
person-9,00000933.jpg,1,person,999.49,354.98,1094.37,552.28
person-9,00000934.jpg,1,person,999.81,353.21,1093.7,548.6
person-9,00000935.jpg,1,person,998.38,351.96,1092.2,545.03
person-9,00000936.jpg,1,person,997.65,348.86,1091.26,543.04
person-9,00000937.jpg,1,person,996.43,346.24,1090.88,541.69
person-9,00000938.jpg,1,person,994.71,344.87,1089.6,540.24
person-9,00000939.jpg,1,person,992.45,342.98,1086.54,538.74
person-9,00000940.jpg,1,person,990.16,343.77,1083.58,540.39
person-9,00000941.jpg,1,person,987.37,343.27,1081.54,539.15
person-9,00000942.jpg,1,person,981.02,345.55,1077.11,540.32
person-9,00000943.jpg,1,person,973.93,348.68,1072.35,541.87
person-9,00000944.jpg,1,person,966.04,352.85,1068.53,540.77
person-9,00000945.jpg,1,person,958.13,359.77,1072.28,542.7
person-9,00000946.jpg,1,person,952.2,364.04,1072.68,542.48
person-9,00000947.jpg,1,person,950.04,367.69,1073.37,541.11
person-9,00000948.jpg,1,person,944.99,371.14,1071.98,541.62
person-9,00000949.jpg,1,person,937.88,372.64,1071.77,540.11
person-9,00000950.jpg,1,person,932.25,373.09,1068.98,540.6
person-9,00000951.jpg,1,person,930.74,372.83,1062.52,540.1
person-9,00000952.jpg,1,person,939.93,372.52,1054.27,540.71
person-9,00000953.jpg,1,person,937.92,371.82,1043.98,540.33
person-9,00000954.jpg,1,person,930.81,373.39,1032.22,541.92
person-9,00000955.jpg,1,person,925.6,373.52,1016.7,542.78
person-9,00000956.jpg,1,person,919.97,373.46,1000.96,542.48
person-9,00000957.jpg,1,person,917.49,374.28,991.16,543.29
person-9,00000958.jpg,1,person,911.77,375.46,986.82,544.15
person-9,00000959.jpg,1,person,905.93,376.14,982.41,543.68
person-9,00000960.jpg,1,person,894.37,377.51,977.4,543.84
person-9,00000961.jpg,1,person,885.0,379.0,977.0,550.0
person-9,00000962.jpg,1,person,884.33,381.64,973.75,551.1
person-9,00000963.jpg,1,person,882.51,385.09,972.12,555.47
person-9,00000964.jpg,1,person,879.41,387.48,970.46,557.47
person-9,00000965.jpg,1,person,879.38,389.24,968.13,560.68
person-9,00000966.jpg,1,person,883.26,390.34,965.41,564.62
person-9,00000967.jpg,1,person,881.57,390.38,963.01,565.07
person-9,00000968.jpg,1,person,879.72,389.56,962.19,563.65
person-9,00000969.jpg,1,person,878.72,388.99,961.92,563.61
person-9,00000970.jpg,1,person,876.78,387.67,949.13,563.87
person-9,00000971.jpg,1,person,874.71,385.35,947.91,562.34
person-9,00000972.jpg,1,person,873.96,385.21,934.09,562.19
person-9,00000973.jpg,1,person,875.0,383.83,963.11,558.85
person-9,00000974.jpg,1,person,870.09,381.13,964.4,559.07
person-9,00000975.jpg,1,person,869.64,377.24,967.45,552.44
person-9,00000976.jpg,1,person,866.61,377.65,974.5,555.79
person-9,00000977.jpg,1,person,862.8,374.57,981.94,551.57
person-9,00000978.jpg,1,person,870.34,367.99,991.2,550.67
person-9,00000979.jpg,1,person,850.53,334.14,933.74,550.65
person-9,00000980.jpg,1,person,859.97,358.96,932.46,547.21
person-9,00000981.jpg,1,person,860.75,362.3,942.53,548.45
person-9,00000982.jpg,1,person,870.21,356.29,1012.63,546.52
person-9,00000983.jpg,1,person,872.38,335.3,1011.51,544.95
person-9,00000984.jpg,1,person,869.21,335.44,1006.11,544.3
person-9,00000985.jpg,1,person,868.7,295.0,1005.65,544.72
person-9,00000986.jpg,1,person,874.97,298.17,996.43,549.9
person-9,00000987.jpg,1,person,874.74,335.84,1007.78,546.5
person-9,00000988.jpg,1,person,874.12,338.93,1013.61,543.39
person-9,00000989.jpg,1,person,875.5,378.88,1012.71,541.88
person-9,00000990.jpg,1,person,875.09,392.71,1013.49,544.18
person-9,00000991.jpg,1,person,870.97,384.9,1010.53,543.56
person-9,00000992.jpg,1,person,872.54,377.75,1007.53,541.64
person-9,00000993.jpg,1,person,869.2,379.53,1002.54,540.84
person-9,00000994.jpg,1,person,869.3,376.74,998.75,541.42
person-9,00000995.jpg,1,person,866.87,376.27,990.77,541.08
person-9,00000996.jpg,1,person,863.8,380.2,990.74,540.18
person-9,00000997.jpg,1,person,864.36,379.95,989.62,540.2
person-9,00000998.jpg,1,person,864.13,380.33,994.52,540.24
person-9,00000999.jpg,1,person,864.17,381.76,999.04,540.32
person-9,00001000.jpg,1,person,863.08,382.61,1003.83,540.07
person-9,00001001.jpg,1,person,864.6,383.27,1009.07,540.28
person-9,00001002.jpg,1,person,859.79,383.89,1010.88,540.15
person-9,00001003.jpg,1,person,861.74,384.65,1013.61,540.41
person-9,00001004.jpg,1,person,860.7,383.63,1014.58,540.02
person-9,00001005.jpg,1,person,858.67,382.03,1012.96,540.96
person-9,00001006.jpg,1,person,860.1,381.72,1011.25,541.46
person-9,00001007.jpg,1,person,858.7,381.44,1009.66,541.28
person-9,00001008.jpg,1,person,858.35,380.33,1006.41,540.48
person-9,00001009.jpg,1,person,861.7,380.38,1006.18,540.52
person-9,00001010.jpg,1,person,860.74,378.74,1004.88,540.21
person-9,00001011.jpg,1,person,861.99,378.59,1003.28,539.58
person-9,00001012.jpg,1,person,860.93,378.22,1000.36,539.06
person-9,00001013.jpg,1,person,860.63,377.56,997.17,538.73
person-9,00001014.jpg,1,person,862.51,377.89,992.79,538.99
person-9,00001015.jpg,1,person,864.61,378.75,985.17,539.39
person-9,00001016.jpg,1,person,865.24,377.08,979.35,537.83
person-9,00001017.jpg,1,person,866.59,377.98,976.42,537.3
person-9,00001018.jpg,1,person,869.81,378.84,976.84,537.85
person-9,00001019.jpg,1,person,870.07,379.58,976.92,538.15
person-9,00001020.jpg,1,person,869.79,379.83,976.88,538.5
person-9,00001021.jpg,1,person,870.15,379.71,977.6,539.25
person-9,00001022.jpg,1,person,870.39,378.71,976.72,539.75
person-9,00001023.jpg,1,person,869.84,379.69,976.51,539.62
person-9,00001024.jpg,1,person,870.43,379.66,976.92,539.21
person-9,00001025.jpg,1,person,871.02,379.58,977.3,539.24
person-9,00001026.jpg,1,person,870.42,379.15,976.8,539.4
person-9,00001027.jpg,1,person,869.57,379.18,976.49,539.46
person-9,00001028.jpg,1,person,869.89,377.1,976.15,538.18
person-9,00001029.jpg,1,person,869.47,376.64,976.9,536.31
person-9,00001030.jpg,1,person,867.48,377.13,976.42,534.58
person-9,00001031.jpg,1,person,859.06,377.59,975.82,533.25
person-9,00001032.jpg,1,person,849.72,379.05,977.13,533.6
person-9,00001033.jpg,1,person,842.41,380.75,979.17,533.81
person-9,00001034.jpg,1,person,843.67,381.75,982.7,534.82
person-9,00001035.jpg,1,person,843.15,382.62,982.14,535.84
person-9,00001036.jpg,1,person,843.38,382.51,981.87,536.28
person-9,00001037.jpg,1,person,841.76,380.18,981.53,535.91
person-9,00001038.jpg,1,person,839.21,376.46,978.93,534.75
person-9,00001039.jpg,1,person,837.36,374.56,972.69,533.77
person-9,00001040.jpg,1,person,832.06,372.74,959.39,532.43
person-9,00001041.jpg,1,person,829.71,374.06,942.07,531.09
person-9,00001042.jpg,1,person,821.57,372.75,924.05,530.25
person-9,00001043.jpg,1,person,812.36,375.82,911.3,531.91
person-9,00001044.jpg,1,person,807.54,377.42,907.16,532.89
person-9,00001045.jpg,1,person,792.55,377.2,908.45,534.06
person-9,00001046.jpg,1,person,774.98,373.54,910.44,535.4
person-9,00001047.jpg,1,person,762.01,372.5,914.04,536.67
person-9,00001048.jpg,1,person,756.79,373.74,915.67,535.6
person-9,00001049.jpg,1,person,754.22,370.93,916.17,536.79
person-9,00001050.jpg,1,person,745.1,369.41,909.87,537.9
person-9,00001051.jpg,1,person,739.92,368.54,897.75,537.61
person-9,00001052.jpg,1,person,729.17,369.54,877.69,537.51
person-9,00001053.jpg,1,person,710.67,389.46,854.28,536.83
person-9,00001054.jpg,1,person,723.39,385.88,828.66,538.65
person-9,00001055.jpg,1,person,690.04,382.9,800.47,539.49
person-9,00001056.jpg,1,person,698.75,381.07,802.91,538.56
person-9,00001057.jpg,1,person,693.66,377.87,805.38,540.62
person-9,00001058.jpg,1,person,677.99,373.94,800.3,540.81
person-9,00001059.jpg,1,person,664.56,375.72,791.5,532.78
person-9,00001060.jpg,1,person,651.6,375.55,784.19,521.91
person-9,00001061.jpg,1,person,647.47,371.38,763.02,525.11
person-9,00001062.jpg,1,person,634.29,369.03,742.17,524.28
person-9,00001063.jpg,1,person,629.31,362.73,702.11,523.73
person-9,00001064.jpg,1,person,621.57,363.15,694.84,522.53
person-9,00001065.jpg,1,person,618.16,361.71,693.53,519.56
person-9,00001066.jpg,1,person,595.98,357.62,698.08,515.98
person-9,00001067.jpg,1,person,596.0,353.0,704.0,512.0
person-9,00001068.jpg,1,person,599.87,349.61,701.82,507.43
person-9,00001069.jpg,1,person,572.26,345.41,677.34,508.06
person-9,00001070.jpg,1,person,558.69,344.34,646.1,500.26
person-9,00001071.jpg,1,person,557.85,343.76,644.51,502.58
person-9,00001072.jpg,1,person,560.86,338.62,645.26,503.82
person-9,00001073.jpg,1,person,560.31,338.03,639.79,506.76
person-9,00001074.jpg,1,person,555.01,337.34,646.11,506.16
person-9,00001075.jpg,1,person,537.02,332.57,626.06,501.95
person-9,00001076.jpg,1,person,530.67,331.57,625.36,495.19
person-9,00001077.jpg,1,person,533.08,329.27,623.2,483.62
person-9,00001078.jpg,1,person,539.3,329.07,637.35,480.61
person-9,00001079.jpg,1,person,543.27,325.06,621.86,479.97
person-9,00001080.jpg,1,person,535.62,321.76,609.38,482.33
person-9,00001081.jpg,1,person,538.31,317.98,609.81,481.84
person-9,00001082.jpg,1,person,538.17,318.02,610.23,484.69
person-9,00001083.jpg,1,person,503.54,312.72,593.11,483.22
person-9,00001084.jpg,1,person,502.69,297.68,591.41,482.83
person-9,00001085.jpg,1,person,504.68,284.74,590.75,481.46
person-9,00001086.jpg,1,person,511.73,296.87,590.2,476.01
person-9,00001087.jpg,1,person,513.47,304.2,596.95,472.81
person-9,00001088.jpg,1,person,519.31,289.15,601.03,470.45
person-9,00001089.jpg,1,person,517.02,296.6,604.67,478.31
person-9,00001090.jpg,1,person,558.48,215.66,627.17,435.24
person-9,00001091.jpg,1,person,576.66,215.92,645.14,415.04
person-9,00001092.jpg,1,person,522.33,235.32,592.62,472.46
person-9,00001093.jpg,1,person,510.53,217.53,580.87,470.45
person-9,00001094.jpg,1,person,592.6,236.11,671.54,434.39
person-9,00001095.jpg,1,person,600.53,243.06,676.11,433.76
person-9,00001096.jpg,1,person,519.13,225.03,586.96,445.61
person-9,00001097.jpg,1,person,514.45,242.43,589.27,441.15
person-9,00001098.jpg,1,person,508.33,218.52,590.07,432.14
person-9,00001099.jpg,1,person,507.61,219.07,587.3,433.51
person-9,00001100.jpg,1,person,511.04,217.16,591.89,436.92
person-9,00001101.jpg,1,person,509.75,206.72,594.06,428.87
person-9,00001102.jpg,1,person,505.81,215.23,591.94,430.69
person-9,00001103.jpg,1,person,507.77,224.94,592.51,437.64
person-9,00001104.jpg,1,person,511.58,217.94,601.24,440.06
person-9,00001105.jpg,1,person,511.56,216.29,601.59,454.26
person-9,00001106.jpg,1,person,517.05,218.34,608.6,462.49
person-9,00001107.jpg,1,person,500.9,219.83,608.17,451.03
person-9,00001108.jpg,1,person,516.21,221.15,609.14,466.58
person-9,00001109.jpg,1,person,512.52,234.09,612.39,463.08
person-9,00001110.jpg,1,person,519.5,233.05,614.49,468.18
person-9,00001111.jpg,1,person,527.82,249.88,601.76,469.37
person-9,00001112.jpg,1,person,531.61,270.92,596.91,473.06
person-9,00001113.jpg,1,person,527.43,279.48,594.75,478.48
person-9,00001114.jpg,1,person,531.08,283.09,600.13,480.21
person-9,00001115.jpg,1,person,528.75,290.59,600.02,468.48
person-9,00001116.jpg,1,person,529.54,295.33,599.63,455.66
person-9,00001117.jpg,1,person,528.97,292.66,604.6,449.1
person-9,00001118.jpg,1,person,529.82,293.29,600.76,446.78
person-9,00001119.jpg,1,person,531.98,291.53,602.74,443.82
person-9,00001120.jpg,1,person,536.44,292.12,597.34,442.43
person-9,00001121.jpg,1,person,537.48,281.49,596.25,448.67
person-9,00001122.jpg,1,person,536.23,279.05,592.24,446.52
person-9,00001123.jpg,1,person,531.47,291.71,585.94,443.3
person-9,00001124.jpg,1,person,534.51,291.89,584.51,445.11
person-9,00001125.jpg,1,person,538.02,283.91,584.43,442.91
person-9,00001126.jpg,1,person,535.27,273.21,584.2,444.94
person-9,00001127.jpg,1,person,533.1,273.61,583.15,442.48
person-9,00001128.jpg,1,person,526.25,262.39,584.59,442.69
person-9,00001129.jpg,1,person,527.82,267.65,588.09,464.85
person-9,00001130.jpg,1,person,525.15,266.13,595.09,453.38
person-9,00001131.jpg,1,person,525.56,268.56,584.24,456.36
person-9,00001132.jpg,1,person,521.1,266.29,581.62,458.04
person-9,00001133.jpg,1,person,520.94,269.31,584.22,459.99
person-9,00001134.jpg,1,person,532.78,264.68,607.54,458.22
person-9,00001135.jpg,1,person,524.83,252.88,590.78,462.96
person-9,00001136.jpg,1,person,508.44,257.51,584.14,450.36
person-9,00001137.jpg,1,person,492.95,256.78,567.39,460.63
person-9,00001138.jpg,1,person,498.88,247.05,577.4,451.67
person-9,00001139.jpg,1,person,522.52,288.67,597.3,484.89
person-9,00001140.jpg,1,person,480.86,246.43,583.84,473.5
person-9,00001141.jpg,1,person,453.21,244.13,575.09,485.28
person-9,00001142.jpg,1,person,434.04,239.31,568.03,486.67
person-9,00001143.jpg,1,person,421.76,233.06,564.89,483.5
person-9,00001144.jpg,1,person,426.36,228.63,559.56,475.91
person-9,00001145.jpg,1,person,429.65,224.68,553.92,474.99
person-9,00001146.jpg,1,person,421.83,230.74,537.08,472.1
person-9,00001147.jpg,1,person,422.83,208.28,533.93,458.52
person-9,00001148.jpg,1,person,453.42,141.18,529.05,402.15
person-9,00001149.jpg,1,person,445.06,183.33,520.87,399.56
person-9,00001150.jpg,1,person,429.6,190.53,507.24,400.19
person-9,00001151.jpg,1,person,410.07,196.1,489.61,388.59
person-9,00001152.jpg,1,person,400.87,196.86,479.5,393.38
person-9,00001153.jpg,1,person,380.14,209.38,468.47,387.97
person-9,00001154.jpg,1,person,377.66,198.96,471.26,386.75
person-9,00001155.jpg,1,person,365.3,177.66,447.05,357.24
person-9,00001156.jpg,1,person,351.08,190.7,430.81,356.63
person-9,00001157.jpg,1,person,332.94,192.58,422.43,359.84
person-9,00001158.jpg,1,person,316.09,184.84,411.37,366.81
person-9,00001159.jpg,1,person,302.12,189.88,397.09,371.43
person-9,00001160.jpg,1,person,290.87,199.37,381.21,380.49
person-9,00001161.jpg,1,person,252.9,204.93,356.67,386.85
person-9,00001162.jpg,1,person,208.64,196.85,319.77,381.78
person-9,00001163.jpg,1,person,186.63,192.27,299.57,386.19
person-9,00001164.jpg,1,person,182.05,200.73,284.32,387.26
person-9,00001165.jpg,1,person,174.17,225.01,255.01,388.29
person-9,00001166.jpg,1,person,145.56,238.99,233.91,390.35
person-9,00001167.jpg,1,person,114.14,208.72,212.24,391.78
person-9,00001168.jpg,1,person,85.54,207.49,193.15,395.53
person-9,00001169.jpg,1,person,60.55,213.48,172.1,400.99
person-9,00001170.jpg,1,person,30.85,223.85,150.11,407.27
person-9,00001171.jpg,1,person,43.35,241.0,130.63,415.91
person-9,00001172.jpg,1,person,25.4,243.77,106.84,414.16
